<?xml version="1.0" encoding="utf-8"?>
<ModMetaData>
  <packageId>your.name.discoExtensionMod</packageId>
  <name>Disco! Extension Mod</name>
  <author>Your Name Here</author>
  <supportedVersions>
    <li>1.2</li>
  </supportedVersions>
  <description>Type your description of this extension mod here. For example: Adds a new disco floor effect.</description>
  <modDependencies>
    <li>
      <packageId>co.uk.epicguru.disco</packageId>
      <displayName>Disco!</displayName>
      <steamWorkshopUrl>https://steamcommunity.com/sharedfiles/filedetails/?id=2436747646</steamWorkshopUrl>
      <downloadUrl>https://github.com/Epicguru/DiscoRimworldMod</downloadUrl>
    </li>
  </modDependencies>
  <loadAfter>
    <li>co.uk.epicguru.disco</li>
  </loadAfter>
</ModMetaData>